AAB123;Volvo;V70;2012-05;2026-04-18;Diesel;5,8
BCD456;Volvo;XC90;2018-09;2027-01-30;Diesel;7,2
CDE789;Toyota;Avensis;2010-02;2026-11-05;Petrol;6,4
DEF012;Toyota;Corolla;2016-11;2027-03-12;Hybrid;4,3
EFG345;Toyota;Land Cruiser;2021-06;2028-06-01;Petrol;12,5
FGH678;Audi;A6;2009-08;2026-09-25;Diesel;6,9
GHI901;Škoda;Octavia;2014-03;2026-12-14;Gas;7,0
HIJ234;Škoda;Superb;2016-05;2027-02-20;Diesel;5,9
IJK567;Mercedes-Benz;Sprinter;2015-05;2026-10-30;Diesel;9,4
JKL890;Nissan;Leaf;2020-02;2027-04-11;Electric;0,0
KLM123;Toyota;Prius;2017-07;2027-09-05;Hybrid;3,9
LMN456;Mercedes-Benz;Vito;2015-11;2026-12-02;Diesel;8,1
